value,identifier_type_id,main_identifier,identifiable_type,identifiable_id
035585011561,2,true,Product,1
035585013206,2,true,Product,2
035585031170,2,true,Product,3
035585032085,2,true,Product,4
035585032085az,3,true,Offer,1
035585032085ro,3,true,Offer,2
035585032085ve,3,true,Offer,3
035585032085vi,3,true,Offer,4
035585032092,2,true,Product,5
035585032092az,3,true,Offer,5
035585032092ro,3,true,Offer,6
035585032092ve,3,true,Offer,7
035585032092vi,3,true,Offer,8
035585032108,2,true,Product,6
035585032108az,3,true,Offer,9
035585032108ro,3,true,Offer,10
035585032108ve,3,true,Offer,11
035585032108vi,3,true,Offer,12
035585034003,2,true,Product,7
035585034010,2,true,Product,8
035585034034,2,true,Product,9
035585034041,2,true,Product,10
035585034089,2,true,Product,11
035585034089ce,3,true,Offer,13
035585034089na,3,true,Offer,14
035585034089ro,3,true,Offer,15
035585034089vi,3,true,Offer,16
035585034096,2,true,Product,12
035585034096ce,3,true,Offer,17
035585034096na,3,true,Offer,18
035585034096ro,3,true,Offer,19
035585034096vi,3,true,Offer,20
035585034171,2,true,Product,13
035585034188,2,true,Product,14
035585111018,2,true,Product,15
035585111025,2,true,Product,16
035585111117,2,true,Product,17
035585111124,2,true,Product,18
035585111148,2,true,Product,19
035585111216,2,true,Product,20
035585111315,2,true,Product,21
035585111414,2,true,Product,22
035585111421,2,true,Product,23
035585111438,2,true,Product,24
035585111490,2,true,Product,25
035585111551,2,true,Product,26
035585111605,2,true,Product,27
035585117003,2,true,Product,28
035585125008,2,true,Product,29
035585129082,2,true,Product,30
035585129150,2,true,Product,31
035585129174,2,true,Product,32
035585131115,2,true,Product,33
035585131115ce,3,true,Offer,21
035585131115pi,3,true,Offer,22
035585131191,2,true,Product,34
035585131191ce,3,true,Offer,23
035585131191pi,3,true,Offer,24
035585131207,2,true,Product,35
035585131207ce,3,true,Offer,25
035585131207pi,3,true,Offer,26
035585131214,2,true,Product,36
035585131214ce,3,true,Offer,27
035585131214pi,3,true,Offer,28
035585131283,2,true,Product,37
035585131283ce,3,true,Offer,29
035585131283pi,3,true,Offer,30
035585131313,2,true,Product,38
035585131313ce,3,true,Offer,31
035585131313pi,3,true,Offer,32
035585141114,2,true,Product,39
035585141213,2,true,Product,40
035585141312,2,true,Product,41
035585159003,2,true,Product,42
035585159010,2,true,Product,43
035585159041,2,true,Product,44
035585159058,2,true,Product,45
035585159096,2,true,Product,46
035585172071,2,true,Product,47
035585172118,2,true,Product,48
035585181127,2,true,Product,49
035585181134,2,true,Product,50
035585181141,2,true,Product,51
035585181226,2,true,Product,52
035585250007,2,true,Product,53
035585250014,2,true,Product,54
035585356006,2,true,Product,55
035585363066,2,true,Product,56
035585363165,2,true,Product,57
035585363172,2,true,Product,58
035585402000,2,true,Product,59
035585402017,2,true,Product,60
035585402024,2,true,Product,61
035585402031,2,true,Product,62
035585402048,2,true,Product,63
035585402055,2,true,Product,64
035585402062,2,true,Product,65
035585402079,2,true,Product,66
035585404028,2,true,Product,67
035585416007,2,true,Product,68
035585447001,2,true,Product,69
035585447018,2,true,Product,70
035585447049,2,true,Product,71
035585454252,2,true,Product,72
035585454252be,3,true,Offer,33
035585454252gr,3,true,Offer,34
035585454252ma,3,true,Offer,35
035585454269,2,true,Product,73
035585454269be,3,true,Offer,36
035585454269gr,3,true,Offer,37
035585454269ma,3,true,Offer,38
035585459486,2,true,Product,74
035585476155,2,true,Product,75
035585485324,2,true,Product,76
035585485331,2,true,Product,77
035585485348,2,true,Product,78
035585504063,2,true,Product,79
035585504063ro,3,true,Offer,39
035585504063ve,3,true,Offer,40
035585504070,2,true,Product,80
035585504070ro,3,true,Offer,41
035585504070ve,3,true,Offer,42
035585509365,2,true,Product,81
035585509372,2,true,Product,82
035585509396,2,true,Product,83
035585509402,2,true,Product,84
035585523088,2,true,Product,85
035585523095,2,true,Product,86
035585774978,2,true,Product,87
035585775159,2,true,Product,88
035585775173,2,true,Product,89
035585775180,2,true,Product,90
035585775197,2,true,Product,91
035585775203,2,true,Product,92
035585775210,2,true,Product,93
035585775227,2,true,Product,94
035585775234,2,true,Product,95
035585775241,2,true,Product,96
035585775258,2,true,Product,97
035585775265,2,true,Product,98
035585775272,2,true,Product,99
035585775555,2,true,Product,100
035585775579,2,true,Product,101
035585780108,2,true,Product,102
035585780702,2,true,Product,103
035585800028,2,true,Product,104
035585800028az,3,true,Offer,43
035585800028ro,3,true,Offer,44
035585800028vi,3,true,Offer,45
035585800868,2,true,Product,105
035585800868aa,3,true,Offer,46
035585800868bb,3,true,Offer,47
035585800868cc,3,true,Offer,48
035585800868dd,3,true,Offer,49
077234540008,2,true,Product,106
077234540015,2,true,Product,107
077234540022,2,true,Product,108
077234540039,2,true,Product,109
077234540046,2,true,Product,110
077234540053,2,true,Product,111
077234540060,2,true,Product,112
077234540077,2,true,Product,113
077234540992,2,true,Product,114
077234541012,2,true,Product,115
077234541029,2,true,Product,116
077234541043,2,true,Product,117
077234541050,2,true,Product,118
077234541067,2,true,Product,119
1538037663909,1,true,Product,120
2893700013023,1,true,Product,121
2893700013023AA,3,true,Offer,50
2893700013023BB,3,true,Offer,51
2893700016611,1,true,Product,122
2893700018967,1,true,Product,123
2893700018967bl,3,true,Offer,52
2893700018967ce,3,true,Offer,53
2893700018967pi,3,true,Offer,54
2893700039030,1,true,Product,124
2893700045796,1,true,Product,125
2893700045796ce,3,true,Offer,55
2893700045796gr,3,true,Offer,56
2893700045796pi,3,true,Offer,57
2893700049817,1,true,Product,126
4000498002551,1,true,Product,127
4000498013205,1,true,Product,128
4000498013229,1,true,Product,129
4000498013236,1,true,Product,130
4000498014202,1,true,Product,131
4000498014219,1,true,Product,132
4000498014226,1,true,Product,133
4000498015520,1,true,Product,134
4000498021705,1,true,Product,135
4000498021712,1,true,Product,136
4000498022405,1,true,Product,137
4000498022412,1,true,Product,138
4000498022429,1,true,Product,139
4000498022436,1,true,Product,140
4000498022504,1,true,Product,141
4000498022511,1,true,Product,142
4000498022528,1,true,Product,143
4000498022535,1,true,Product,144
4000498022603,1,true,Product,145
4000498022610,1,true,Product,146
4000498022627,1,true,Product,147
4000498022634,1,true,Product,148
4000498022702,1,true,Product,149
4000498022801,1,true,Product,150
4000498023105,1,true,Product,151
4000498023112,1,true,Product,152
4000498023129,1,true,Product,153
4000498023136,1,true,Product,154
4000498023204,1,true,Product,155
4000498023211,1,true,Product,156
4000498023228,1,true,Product,157
4000498023235,1,true,Product,158
4000498023709,1,true,Product,159
4000498023808,1,true,Product,160
4000498032206,1,true,Product,161
4000498032213,1,true,Product,162
4000498032220,1,true,Product,163
4000498032305,1,true,Product,164
4000498032312,1,true,Product,165
4000498032329,1,true,Product,166
4665239410318,1,true,Product,167
5605787909956,1,true,Product,168
5904479011107,1,true,Product,169
5904479806017,1,true,Product,170
5904479806062,1,true,Product,171
5904479808004,1,true,Product,172
611932100111,2,true,Product,173
611932100128,2,true,Product,174
6820180353031,1,true,Product,175
6820180610424,1,true,Product,176
6820180610431,1,true,Product,177
6820180610448,1,true,Product,178
6928052230784,1,true,Product,179
6937537011077,1,true,Product,180
6942133310080,1,true,Product,181
6942133310103,1,true,Product,182
6956702514281,1,true,Product,183
6956702522033,1,true,Product,184
6956702522361,1,true,Product,185
6970117120059,1,true,Product,186
6970117120073,1,true,Product,187
6970117120097,1,true,Product,188
6970117120103,1,true,Product,189
6970117120219,1,true,Product,190
6970117120240,1,true,Product,191
6970117120288,1,true,Product,192
6970117120318,1,true,Product,193
6970117120363,1,true,Product,194
6970117120400,1,true,Product,195
6970117120431,1,true,Product,196
6970117121377,1,true,Product,197
6970117122213,1,true,Product,198
6970117122886,1,true,Product,199
6970117123876,1,true,Product,200
6970117123890,1,true,Product,201
6970117123913,1,true,Product,202
6970117123920,1,true,Product,203
6970117123999,1,true,Product,204
6970117124095,1,true,Product,205
6971606880010,1,true,Product,206
6971606880041,1,true,Product,207
6971606883806,1,true,Product,208
6971606884711,1,true,Product,209
6971606885626,1,true,Product,210
6976456455456,1,true,Product,211
6976456455456az,3,true,Offer,58
6976456455456gr,3,true,Offer,59
6976456455456ne,3,true,Offer,60
6976456455456pi,3,true,Offer,61
6976456455456ro,3,true,Offer,62
6976456455456ve,3,true,Offer,63
6988550620227,1,true,Product,212
6988550620234,1,true,Product,213
6988550620234az,3,true,Offer,64
6988550620234ro,3,true,Offer,65
7271770604331,4,true,Product,214
737186254957,2,true,Product,215
737186254964,2,true,Product,216
748960026721,2,true,Product,217
748960056322,2,true,Product,218
748960075484,2,true,Product,219
748960110819,2,true,Product,220
748960110819ro,3,true,Offer,66
748960117269,2,true,Product,221
748960134235,2,true,Product,222
748960134235ro,3,true,Offer,67
748960149642,2,true,Product,223
748960149642ro,3,true,Offer,68
748960160852,2,true,Product,224
748960214159,2,true,Product,225
748960296933,2,true,Product,226
748960355463,2,true,Product,227
748960397302,2,true,Product,228
748960427443,2,true,Product,229
748960494308,2,true,Product,230
748960527266,2,true,Product,231
748960555993,2,true,Product,232
748960556495,2,true,Product,233
748960572143,2,true,Product,234
748960576554,2,true,Product,235
748960616892,2,true,Product,236
748960622794,2,true,Product,237
748960622794ro,3,true,Offer,69
748960645977,2,true,Product,238
748960659080,2,true,Product,239
748960660192,2,true,Product,240
748960665340,2,true,Product,241
748960682637,2,true,Product,242
748960710590,2,true,Product,243
748960740337,2,true,Product,244
748960781118,2,true,Product,245
748960795139,2,true,Product,246
748960808129,2,true,Product,247
748960954000,2,true,Product,248
748960980160,2,true,Product,249
748960980160ro,3,true,Offer,70
765066765323,2,true,Product,250
765066765323be,3,true,Offer,71
765066765323bu,3,true,Offer,72
765066765323gr,3,true,Offer,73
767870918902,2,true,Product,251
7800006009839,1,true,Product,252
7800006009846,1,true,Product,253
7804656250467,1,true,Product,254
7804656250627,1,true,Product,255
7805292097652,1,true,Product,256
7805292097669,1,true,Product,257
7806868180877,1,true,Product,258
7806868180877az,3,true,Offer,74
7806868180877pi,3,true,Offer,75
781718841511,2,true,Product,259
7852052606081,1,true,Product,260
7852052607859,1,true,Product,261
7852052609082,1,true,Product,262
7852052609082LA,3,true,Offer,76
7852052609082LB,3,true,Offer,77
7852052609082MA,3,true,Offer,78
7852052609082MB,3,true,Offer,79
7852052609082MC,3,true,Offer,80
7852052609082SA,3,true,Offer,81
7852052609082SB,3,true,Offer,82
7852052609082XA,3,true,Offer,83
7852052609082XB,3,true,Offer,84
7852052609273,1,true,Product,263
7852052609273az,3,true,Offer,85
7852052609273ne,3,true,Offer,86
7852052609273ro,3,true,Offer,87
7852052610415,1,true,Product,264
7852052610415az,3,true,Offer,88
7852052610415cc,3,true,Offer,89
7852052610415cn,3,true,Offer,90
7852052610415ne,3,true,Offer,91
7852052610415ro,3,true,Offer,92
7852052610446,1,true,Product,265
7852052610538,1,true,Product,266
7852052610538am,3,true,Offer,93
7852052610538az,3,true,Offer,94
7852052610538pi,3,true,Offer,95
7852052610538ro,3,true,Offer,96
7852052610538ve,3,true,Offer,97
7852052610569,1,true,Product,267
7852052610569az,3,true,Offer,98
7852052610569G,3,true,Product,268
7852052610569Gaz,3,true,Offer,99
7852052610569Gpi,3,true,Offer,100
7852052610569Gro,3,true,Offer,101
7852052610569pi,3,true,Offer,102
7852052610569ro,3,true,Offer,103
7852052610569ve,3,true,Offer,104
7852052612525ne,3,true,Product,269
7852052614499,1,true,Product,270
7852052614499ro,3,true,Offer,105
7852052614499ve,3,true,Offer,106
7852052616578,1,true,Product,271
7852052616578az,3,true,Offer,107
7852052616578ro,3,true,Offer,108
7852052616578ve,3,true,Offer,109
7852052617070,1,true,Product,272
7852052618374,1,true,Product,273
7852052618381,1,true,Product,274
7852052618398,1,true,Product,275
7852052618398SKU,3,true,Product,276
7852052619647,1,true,Product,277
7852052630451,1,true,Product,278
7852052630451az,3,true,Offer,110
7852052630451ne,3,true,Offer,111
7852052630451ro,3,true,Offer,112
7852052630451ve,3,true,Offer,113
7852052630536,1,true,Product,279
7852052630536az,3,true,Offer,114
7852052630536ve,3,true,Offer,115
7852052630772,1,true,Product,280
7852052631120,1,true,Product,281
7852052631120ce,3,true,Offer,116
7852052631120ro,3,true,Offer,117
7852052631205,1,true,Product,282
7852052631212,1,true,Product,283
7852052631250,1,true,Product,284
7852052631250ce,3,true,Offer,118
7852052631250gr,3,true,Offer,119
7852052632004,1,true,Product,285
7852052632202,1,true,Product,286
7852052632202pi,3,true,Offer,120
7852052651470,1,true,Product,287
7852052651470m1,3,true,Product,288
7852052651470m2,3,true,Product,289
7852052651470p2,3,true,Product,290
7852052651876,1,true,Product,291
7852052651906,1,true,Product,292
7852052653238,1,true,Product,293
7852052660625,1,true,Product,294
7852052660632,1,true,Product,295
7852052660687,1,true,Product,296
7852052660694,1,true,Product,297
7852052660755,1,true,Product,298
7852052660878,1,true,Product,299
7852052660878na,3,true,Offer,121
7852052660878ve,3,true,Offer,122
7852052661592,1,true,Product,300
7852052661691,1,true,Product,301
7852052670655,1,true,Product,302
7852052680524ro,3,true,Product,303
7852052680531,1,true,Product,304
7852052691421,1,true,Product,305
7852052700086,1,true,Product,306
7852052700086aq,3,true,Offer,123
7852052700086az,3,true,Offer,124
7852052700086ma,3,true,Offer,125
7852052700086na,3,true,Offer,126
7852052700086ne,3,true,Offer,127
7852052700086ro,3,true,Offer,128
7852052700215,1,true,Product,307
7852052700215az,3,true,Offer,129
7852052700215ne,3,true,Offer,130
7852052700215ro,3,true,Offer,131
7852052700710,1,true,Product,308
7852052700710az,3,true,Offer,132
7852052700710ma,3,true,Offer,133
7852052700710ro,3,true,Offer,134
7852052700734,1,true,Product,309
7852052700734az,3,true,Offer,135
7852052700734ce,3,true,Offer,136
7852052700734ma,3,true,Offer,137
7852052700734ne,3,true,Offer,138
7852052700734pi,3,true,Offer,139
7852052700734ro,3,true,Offer,140
7852052700994,1,true,Product,310
7852052700994az,3,true,Offer,141
7852052700994na,3,true,Offer,142
7852052700994ro,3,true,Offer,143
7852052701076,1,true,Product,311
7852052701076az,3,true,Offer,144
7852052701076ma,3,true,Offer,145
7852052701076ne,3,true,Offer,146
7852052701076pi,3,true,Offer,147
7852052710399,1,true,Product,312
7852052710399az,3,true,Offer,148
7852052710399pi,3,true,Offer,149
7852052710399ve,3,true,Offer,150
7852052721470,1,true,Product,313
7852052721470aq,3,true,Offer,151
7852052721470pi,3,true,Offer,152
7852052721470ro,3,true,Offer,153
7852052721470vi,3,true,Offer,154
7852052721494,1,true,Product,314
7852052721494az,3,true,Offer,155
7852052721494ca,3,true,Offer,156
7852052721494ma,3,true,Offer,157
7852052721494pi,3,true,Offer,158
7852052721500,1,true,Product,315
7852052721500az,3,true,Offer,159
7852052721500ca,3,true,Offer,160
7852052721500ma,3,true,Offer,161
7852052721500pi,3,true,Offer,162
7852052721548,1,true,Product,316
7852052721906,1,true,Product,317
7852052721920,1,true,Product,318
7852052731370,1,true,Product,319
7852052731370am,3,true,Offer,163
7852052731370az,3,true,Offer,164
7852052731370na,3,true,Offer,165
7852052731370ne,3,true,Offer,166
7852052731370pi,3,true,Offer,167
7852052731370ro,3,true,Offer,168
7852052731387,1,true,Product,320
7852052731387am,3,true,Offer,169
7852052731387az,3,true,Offer,170
7852052731387na,3,true,Offer,171
7852052731387ne,3,true,Offer,172
7852052731387pi,3,true,Offer,173
7852052731387ro,3,true,Offer,174
7852052731431ve,3,true,Product,321
7852052731578,1,true,Product,322
7852052731578az,3,true,Offer,175
7852052731578ne,3,true,Offer,176
7852052731578ve,3,true,Offer,177
7852052731585ro,3,true,Product,323
7852052732438,1,true,Product,324
7852052732438ce,3,true,Offer,178
7852052732438ro,3,true,Offer,179
7852052732438ve,3,true,Offer,180
7852052733954,1,true,Product,325
7852052733954az,3,true,Offer,181
7852052733954na,3,true,Offer,182
7852052733954ne,3,true,Offer,183
7852052733954pi,3,true,Offer,184
7852052733961,1,true,Product,326
7852052733961az,3,true,Offer,185
7852052733961na,3,true,Offer,186
7852052733961ne,3,true,Offer,187
7852052733961pi,3,true,Offer,188
7852052733978,1,true,Product,327
7852052733978az,3,true,Offer,189
7852052733978na,3,true,Offer,190
7852052733978ne,3,true,Offer,191
7852052733978pi,3,true,Offer,192
7852052733985,1,true,Product,328
7852052733985az,3,true,Offer,193
7852052733985na,3,true,Offer,194
7852052733985ne,3,true,Offer,195
7852052733985pi,3,true,Offer,196
7852052740785na,3,true,Product,329
7852052740785ro,3,true,Product,330
7852052740792,1,true,Product,331
7852052740792na,3,true,Offer,197
7852052740792ro,3,true,Offer,198
7852052741133,1,true,Product,332
7852052741485,1,true,Product,333
7852052742079,1,true,Product,334
7852052742079am,3,true,Offer,199
7852052742079ro,3,true,Offer,200
7852052742109,1,true,Product,335
7852052742109az,3,true,Offer,201
7852052742109ce,3,true,Offer,202
7852052742109ro,3,true,Offer,203
7852052742185,1,true,Product,336
7852052742383,1,true,Product,337
7852052742383az,3,true,Offer,204
7852052742383na,3,true,Offer,205
7852052742383ne,3,true,Offer,206
7852052742383pi,3,true,Offer,207
7852052742383ro,3,true,Offer,208
7852052742383ve,3,true,Offer,209
7852052742574,1,true,Product,338
7852052742598,1,true,Product,339
7852052742598az,3,true,Offer,210
7852052742598ne,3,true,Offer,211
7852052742758,1,true,Product,340
7852052743069,1,true,Product,341
7852052744400,1,true,Product,342
7852052744400ce,3,true,Offer,212
7852052744400ma,3,true,Offer,213
7852052744400ne,3,true,Offer,214
7852052744400ve,3,true,Offer,215
7852052744448,1,true,Product,343
7852052744448az,3,true,Offer,216
7852052744448gr,3,true,Offer,217
7852052744448ne,3,true,Offer,218
7852052744448ro,3,true,Offer,219
7852052744493,1,true,Product,344
7852052744493az,3,true,Offer,220
7852052744493bl,3,true,Offer,221
7852052744493ne,3,true,Offer,222
7852052744493ro,3,true,Offer,223
7852052744738,1,true,Product,345
7852052744745,1,true,Product,346
7852052744745am,3,true,Offer,224
7852052744745az,3,true,Offer,225
7852052744745ro,3,true,Offer,226
7852052744745ve,3,true,Offer,227
7852052744790,1,true,Product,347
7852052744790am,3,true,Offer,228
7852052744790az,3,true,Offer,229
7852052744790na,3,true,Offer,230
7852052744790ro,3,true,Offer,231
7852052744790ve,3,true,Offer,232
7852052744806,1,true,Product,348
7852052744820,1,true,Product,349
7852052744875,1,true,Product,350
7852052744875az,3,true,Offer,233
7852052744875ce,3,true,Offer,234
7852052744875ro,3,true,Offer,235
7852052744875ve,3,true,Offer,236
7852052744882,1,true,Product,351
7852052744882az,3,true,Offer,237
7852052744882ce,3,true,Offer,238
7852052744882ro,3,true,Offer,239
7852052744882ve,3,true,Offer,240
7852052744967,1,true,Product,352
7852052744974,1,true,Product,353
7852052745360,1,true,Product,354
7852052745360ce,3,true,Offer,241
7852052745360ve,3,true,Offer,242
7852052745452,1,true,Product,355
7852052745896,1,true,Product,356
7852052746053,1,true,Product,357
7852052746053az,3,true,Offer,243
7852052746053gr,3,true,Offer,244
7852052746053na,3,true,Offer,245
7852052746053pi,3,true,Offer,246
7852052746084,1,true,Product,358
7852052746084az,3,true,Offer,247
7852052746084gr,3,true,Offer,248
7852052746084ne,3,true,Offer,249
7852052746084ro,3,true,Offer,250
7852052746718,1,true,Product,359
7852052746718ce,3,true,Offer,251
7852052746978,1,true,Product,360
7852052746985,1,true,Product,361
7852052746992,1,true,Product,362
7852052746992az,3,true,Offer,252
7852052746992pi,3,true,Offer,253
7852052746992ro,3,true,Offer,254
7852052747012,1,true,Product,363
7852052747050,1,true,Product,364
7852052747050la,3,true,Offer,255
7852052747050lc,3,true,Offer,256
7852052747050mg,3,true,Offer,257
7852052747074,1,true,Product,365
7852052747395,1,true,Product,366
7852052751279,1,true,Product,367
7852052751279ce,3,true,Offer,258
7852052751279na,3,true,Offer,259
7852052751279pi,3,true,Offer,260
7852052751279ro,3,true,Offer,261
7852052760219,1,true,Product,368
7852052760219ap,3,true,Offer,262
7852052760219az,3,true,Offer,263
7852052760219gr,3,true,Offer,264
7852052761322,1,true,Product,369
7852052770270,1,true,Product,370
7852052770270ap,3,true,Offer,265
7852052770270ca,3,true,Offer,266
7852052770270ne,3,true,Offer,267
7852052770287,1,true,Product,371
7852052770287pi,3,true,Offer,268
7852052770294,1,true,Product,372
7852052770294aa,3,true,Offer,269
7852052770294az,3,true,Offer,270
7852052770294bb,3,true,Offer,271
7852052770294ca,3,true,Offer,272
7852052770294gr,3,true,Offer,273
7852052770294pi,3,true,Offer,274
7852052770362,1,true,Product,373
7852052770362Laz,3,true,Product,374
7852052770362Lne,3,true,Product,375
7852052770362Maz,3,true,Product,376
7852052770362Mne,3,true,Product,377
7852052770362Saz,3,true,Product,378
7852052770362Sne,3,true,Product,379
7861167901011,1,true,Product,380
7861167939410,1,true,Product,381
7861167966027,1,true,Product,382
7861167966072,1,true,Product,383
7877770600463,1,true,Product,384
7877770607028,1,true,Product,385
7877770607035,1,true,Product,386
7877770650994,1,true,Product,387
7877770650994az,3,true,Offer,275
7877770650994gr,3,true,Offer,276
7877770650994ne,3,true,Offer,277
7877770650994ro,3,true,Offer,278
7898275011479,1,true,Product,388
7898275011493,1,true,Product,389
7898275011516,1,true,Product,390
7898275015194,1,true,Product,391
7898275015965,1,true,Product,392
7898275015989,1,true,Product,393
7898937402010,1,true,Product,394
8030030159517,1,true,Product,395
8030030159517AA,3,true,Offer,279
8030030159517BB,3,true,Offer,280
8030030159517CC,3,true,Offer,281
8030030159517DD,3,true,Offer,282
8040030160963,1,true,Product,396
8080030150410,1,true,Product,397
8080030150410az,3,true,Offer,283
8080030150410ne,3,true,Offer,284
8080030150410ro,3,true,Offer,285
8080030150410ve,3,true,Offer,286
810381033548,2,true,Product,398
810381033555,2,true,Product,399
810381033562,2,true,Product,400
810381033579,2,true,Product,401
810381033586,2,true,Product,402
810381033593,2,true,Product,403
810381033609,2,true,Product,404
810381033616,2,true,Product,405
810381033623,2,true,Product,406
810381033692,2,true,Product,407
810381035450,2,true,Product,408
810381035467,2,true,Product,409
810381035474,2,true,Product,410
810381035498,2,true,Product,411
810381035504,2,true,Product,412
810381039939,2,true,Product,413
8280030157567,1,true,Product,414
8280030157567Laz,3,true,Product,415
8280030157567Lna,3,true,Product,416
8280030157567Lne,3,true,Product,417
8280030157567Lro,3,true,Product,418
8280030157567Xaz,3,true,Product,419
8280030157567Xna,3,true,Product,420
8280030157567Xne,3,true,Product,421
8280030157567Xro,3,true,Product,422
8434485146281,1,true,Product,423
8434485146281aq,3,true,Offer,287
8434485146281az,3,true,Offer,288
8434485146281pi,3,true,Offer,289
8434485146281vi,3,true,Offer,290
8434485344359,1,true,Product,424
8434485344359ma,3,true,Offer,291
8434485344359ve,3,true,Offer,292
8434485344366,1,true,Product,425
8434485344366az,3,true,Offer,293
8434485344366pi,3,true,Offer,294
8434485344373,1,true,Product,426
8434485344380,1,true,Product,427
8434485344403,1,true,Product,428
8434485489128,1,true,Product,429
8434485489142,1,true,Product,430
8434485489197,1,true,Product,431
8434485489203,1,true,Product,432
8434485489210,1,true,Product,433
8434485489227,1,true,Product,434
8434485489227ro,3,true,Offer,295
8434485489227ve,3,true,Offer,296
854111004002,2,true,Product,435
854111004033,2,true,Product,436
854111004040,2,true,Product,437
854111004057,2,true,Product,438
854111004071,2,true,Product,439
854111004088,2,true,Product,440
854111004101,2,true,Product,441
854111004125,2,true,Product,442
854111004132,2,true,Product,443
854111004156,2,true,Product,444
854111004286,2,true,Product,445
854111004309,2,true,Product,446
854111004460,2,true,Product,447
854111004477,2,true,Product,448
854111004484,2,true,Product,449
854111004491,2,true,Product,450
854111004507,2,true,Product,451
854111004729,2,true,Product,452
854111004736,2,true,Product,453
8711231175789,1,true,Product,454
888886032786,2,true,Product,455
888886032847,2,true,Product,456
888886032878,2,true,Product,457
888886032946,2,true,Product,458
888886032991,2,true,Product,459
888886033325,2,true,Product,460
888886033332,2,true,Product,461
888886033356,2,true,Product,462
8999067974770,1,true,Product,463
9100200300090,1,true,Product,464
9201502832316,1,true,Product,465
9206270097011,1,true,Product,466
9345719019358,1,true,Product,467
9345719019365,1,true,Product,468
9345719019372,1,true,Product,469
9345719019389,1,true,Product,470
9345719046675,1,true,Product,471
9345719046682,1,true,Product,472
9345719046699,1,true,Product,473
9345719046705,1,true,Product,474
9345719046712,1,true,Product,475
9345719046729,1,true,Product,476
9790201219738,1,true,Product,477
Dandi-051,3,true,Product,478
Dandi-116,3,true,Product,479
Dandi-519,3,true,Product,480
Dandi-519pi,3,true,Offer,297
Dandi-519ro,3,true,Offer,298
Dandi-519ve,3,true,Offer,299
Dandi-907-2,3,true,Product,481
Dandi-911-2,3,true,Product,482
Dandi-911-3,3,true,Product,483
Dandi-911-4,3,true,Product,484
Dandi043,3,true,Product,485
Dandi501,3,true,Product,486
Dandi501bl,3,true,Offer,300
Dandi501ce,3,true,Offer,301
Dandi501gr,3,true,Offer,302
Dandi501pi,3,true,Offer,303
Dandi502,3,true,Product,487
Dandi502bl,3,true,Offer,304
Dandi502ce,3,true,Offer,305
Dandi502gr,3,true,Offer,306
Dandi502pi,3,true,Offer,307
Dandi554,3,true,Product,488
Dandi583,3,true,Product,489
Dandi583az,3,true,Offer,308
Dandi583pi,3,true,Offer,309
SKU00001,3,true,Product,490
SKU00002,3,true,Product,491
SKU00003,3,true,Product,492
SKU00004,3,true,Product,493
SKU00006,3,true,Product,494
SKU00007,3,true,Product,495
SKU00009,3,true,Product,496
SKU00010,3,true,Product,497
SKU00011,3,true,Product,498
SKU00012,3,true,Product,499
SKU00013,3,true,Product,500
SKU00013LL,3,true,Offer,310
SKU00013MM,3,true,Offer,311
SKU00013SS,3,true,Offer,312
SKU00014,3,true,Product,501
SKU00014MM,3,true,Offer,313
SKU00014SS,3,true,Offer,314
SKU00015,3,true,Product,502
SKU00016,3,true,Product,503
SKU00017,3,true,Product,504
SKU00018,3,true,Product,505
SKU00019,3,true,Product,506
SKU00021,3,true,Product,507
SKU00022,3,true,Product,508
SKU00024,3,true,Product,509
SKU00024LL,3,true,Offer,315
SKU00024SS,3,true,Offer,316
SKU00025,3,true,Product,510
SKU00026,3,true,Product,511
SKU00027,3,true,Product,512
SKU00028,3,true,Product,513
SKU00029,3,true,Product,514
SKU00030,3,true,Product,515
SKU00031,3,true,Product,516
SKU00032,3,true,Product,517